name,description,timestamp,operatingSystem.id,operatingSystem.displayName,cpuCount,memoryGb,disk.sizeGb,disk.speed,networkInfo.primaryNic.id,networkInfo.primaryNic.vlanId,networkInfo.primaryNic.privateIpv4,networkInfo.networkDomainId,sourceImageId,id,datacenterId
oem12c-fs,,2015-11-17T19:39:07.046Z,WIN2012R2DC64,WIN2012R2DC/64,2,4,NULL,NULL,NULL,NULL,NULL,NULL,a5bdc95d-70fa-47bd-a870-375c99018e8d,eb222a4a-fffd-4e4a-8346-1279ef621ab0,NA3
JB TEST Server,,2015-11-17T19:39:07.046Z,REDHAT664,REDHAT6/64,2,4,NULL,NULL,ef62e464-8047-4914-9892-d2806fce165e,526a4ac4-a7d4-45ed-8da4-4a5076b3d1ee,10.0.0.11,e3b5c08a-a74e-41c2-b6a8-186cbaa86299,f78da8fa-986b-4c98-8f87-dc3c2f9e5987,3d957239-963d-4781-a8dc-0127e0e8028d,NA9
Jordan 2nd Test Server,,2015-11-17T19:39:07.046Z,REDHAT664,REDHAT6/64,2,4,NULL,NULL,85d19b90-d3cd-4e74-a81f-a1b1d3149620,126a9a9f-451f-4313-ad7a-052a286e5225,10.0.1.11,e3b5c08a-a74e-41c2-b6a8-186cbaa86299,f78da8fa-986b-4c98-8f87-dc3c2f9e5987,6d82db18-4262-4f24-9c33-9ff6cc482079,NA9
Ben-Web-1,,2015-11-17T19:39:07.046Z,UBUNTU1264,UBUNTU12/64,4,4,NULL,NULL,a08aa83d-18b8-4caf-8422-02b7766b5862,ad7d2a88-901e-4d35-baf6-117d7f715309,10.1.1.11,2709df9f-d07e-4627-8042-e4cfa316a963,653afa6a-e47d-4483-8312-53618dc26666,3fe186f7-0523-450e-867d-f138db7db6fc,NA9
Ubuntu Demo,Delete Anytime,2015-11-17T19:39:07.046Z,UBUNTU1064,UBUNTU10/64,2,4,NULL,NULL,c3eed5c6-4a99-4238-98ab-e3a4691598da,59c0a00d-6362-467e-8f57-2f81e0b85561,10.22.11.11,3fce94ce-7237-494b-abeb-0bb8dbfc37a9,57b06b87-9f37-41ad-a2a3-258fa7f015c3,b0cf43f4-99eb-435a-b4fe-807fbdae50b1,NA9
demo01,,2015-11-17T19:39:07.046Z,WIN2012R2S64,WIN2012R2S/64,2,4,NULL,NULL,4a76b3db-e163-4a0b-85fb-5be2f2b6aa67,04a5f4f6-546b-4bd0-b549-80dfc7d1870d,10.0.99.11,11b87069-4958-4d7b-b0b2-1520f731e01f,8bc629a9-8d71-4b1b-8b26-acdc077edab1,836be83c-e293-4d65-bdd7-0a94290e9b3f,NA9
Server A,,2015-11-17T19:39:07.046Z,WIN2012S64,WIN2012S/64,2,4,NULL,NULL,a2d17db9-bfa1-4fdf-98bd-f6ec21eab235,2bc6210e-ee34-4f90-bcf1-f3d9df0dc476,10.0.0.11,e7630d6b-4de4-4f9a-aaba-7f057f2aeb20,1cdfee63-9e40-40f2-98e5-a46e9bfd742c,9912b65e-5409-4dc6-93f3-e7891282df8e,NA9
Win2012-1,,2015-11-17T19:39:07.046Z,WIN2012R2S64,WIN2012R2S/64,2,4,NULL,NULL,97010dbb-c353-4963-9565-06176d6c3bb2,cf48588a-593d-4309-a723-45727d284818,10.10.10.11,b1e72abb-b57b-496f-afaf-2022d7b151db,8bc629a9-8d71-4b1b-8b26-acdc077edab1,f7a7a6f4-dd48-4fbf-ad6b-2292aefbe440,NA9
Win2008,,2015-11-17T19:39:07.046Z,WIN2008S64,WIN2008S/64,2,4,NULL,NULL,b12c4ae8-5030-4ee9-a02e-17652ae675ab,137de445-d39f-4fde-9716-de417bc669d9,10.11.11.12,b1e72abb-b57b-496f-afaf-2022d7b151db,feecba3f-b3ca-4473-99aa-8396f7d69721,849d8936-03a0-4edf-a5ca-105e3069be97,NA9
Development Server,Delete Anytime,2015-11-17T19:39:07.046Z,WIN2012R2DC64,WIN2012R2DC/64,2,4,NULL,NULL,779b7734-41b7-4dbc-b44e-536509815c7f,c03ad8f0-3d55-4ca3-b688-0e79071d5db5,10.1.8.11,2709df9f-d07e-4627-8042-e4cfa316a963,606321d3-53e3-4a56-a2c5-31144a39bdfa,4ad285b1-c658-4ed0-b9e8-42bf2534ab65,NA9
gc12c-fs,Oracle Grid Control 12c,2015-11-17T19:39:07.046Z,WIN2008S64,WIN2008S/64,4,6,NULL,NULL,NULL,NULL,NULL,NULL,66128be8-df04-11e2-b29c-001517c4643e,de430f7d-8c3d-444b-80a4-6523bef3665c,NA3
Oricatest,,2015-11-17T19:39:07.046Z,CENTOS664,CENTOS6/64,2,4,NULL,NULL,ed7f65b1-1771-4207-b147-dfe7259c8872,f210cb73-18f2-4a70-98a9-dab993b43ce5,172.16.50.11,3ebc07de-4bac-4ccd-990e-275a32c9b4fd,dc4f5eac-841c-4c51-8185-f15bfaaebf39,a02ecf6f-9e50-496d-9155-217f4670c411,NA9
Test 1,,2015-11-17T19:39:07.046Z,REDHAT664,REDHAT6/64,2,4,NULL,NULL,5d645fda-4a65-4b01-9d38-668ec6940cfe,9fad3925-b26e-4f45-af63-ae7b75273be4,10.0.0.11,ce4473dd-1ae9-4df9-9b2a-5dde55fa4cdf,f78da8fa-986b-4c98-8f87-dc3c2f9e5987,77da591d-b58e-43ef-8bc2-ddde3f732893,NA9
Application Server,,2015-11-17T19:39:07.046Z,WIN2012R2S64,WIN2012R2S/64,4,8,NULL,NULL,480d221c-e141-4ce1-a53e-90c9467ca722,bb194d71-1d51-4140-bb61-f029bf08731b,10.0.1.11,7ccd6987-4338-48f4-826e-c43ada2657ca,888efb5a-2d62-4de5-8136-c5a6479e3958,59ab6954-4fba-4b2e-a5e5-c0c66d856b4d,NA9
Data Base,,2015-11-17T19:39:07.046Z,WIN2012DC64,WIN2012DC/64,4,8,NULL,NULL,9b3899b5-59c9-4e59-9c04-e124c703e4c9,0c2ecca9-d2cf-4f8d-9f4b-829c81093d35,10.0.2.11,7ccd6987-4338-48f4-826e-c43ada2657ca,0a4dcf84-8281-4988-b452-97b254173ae8,093e05df-b366-422f-bdac-78a032af37ef,NA9
Web Server,Web Server,2015-11-17T19:39:07.046Z,REDHAT664,REDHAT6/64,8,256,NULL,NULL,4ae558c5-8ec2-483c-bc36-233b281f0019,a109d5f5-1368-478b-95f4-f710bf81391a,10.0.0.11,7ccd6987-4338-48f4-826e-c43ada2657ca,f78da8fa-986b-4c98-8f87-dc3c2f9e5987,6a4f16d1-025d-4d3a-89bd-e29cef4b4861,NA9
gc12c-2,,2015-11-17T19:39:07.046Z,WIN2012R2S64,WIN2012R2S/64,2,4,NULL,NULL,NULL,NULL,NULL,NULL,00c56d62-e282-4ec5-83f9-5f3ded3688c9,26143530-7c39-4de3-b7f4-88a896798029,NA3
gc12c-3,,2015-11-17T19:39:07.046Z,WIN2008R2E64,WIN2008R2E/64,4,12,NULL,NULL,NULL,NULL,NULL,NULL,66059db6-df04-11e2-b29c-001517c4643e,c18b854a-c48b-4597-8178-603c2a2f4b93,NA3
RJ2008,RDP Server,2015-11-17T19:39:07.046Z,WIN2008S64,WIN2008S/64,2,4,NULL,NULL,c3614c7d-867c-43cb-948e-5eb60cc4bd81,eb32dbcc-e440-4356-8ce8-03f23dca53db,172.16.0.11,006ea1be-6746-4e3f-abae-5270594e6bf3,feecba3f-b3ca-4473-99aa-8396f7d69721,5963f64e-9b96-470b-b873-b030247d3ece,NA9
Cisco Live Demo Server,,2015-11-17T19:39:07.046Z,REDHAT664,REDHAT6/64,4,12,NULL,NULL,698c0152-88b0-45fc-897d-68bb930b19a3,9fad3925-b26e-4f45-af63-ae7b75273be4,10.0.0.12,ce4473dd-1ae9-4df9-9b2a-5dde55fa4cdf,7cb6b73b-c2f0-4634-adfc-5e120471dd57,d92ec5d1-9b62-4abb-baeb-2f107a60fb83,NA9
TestUbuntu,,2015-11-17T19:39:07.046Z,UBUNTU1464,UBUNTU14/64,2,4,NULL,NULL,fe74536c-398c-44d8-a977-a7acf8465233,38237e6e-8853-4646-a6c3-ad2e4d4aec76,10.2.2.11,2be9104d-ce19-4634-bd11-d6173eaae18f,4c02126c-32fc-4b4c-9466-9824c1b5aa0f,cd3551a5-d75b-46f3-96db-5281ac328427,NA9
Snort,,2015-11-17T19:39:07.046Z,UBUNTU1464,UBUNTU14/64,2,4,NULL,NULL,4ae94104-3f38-41aa-9908-df6307e1ee60,d2604aba-6f3c-4384-bfe6-0d86508ae06c,10.0.0.13,a48fd2f8-bb3c-4200-85ba-20d19421f199,4c02126c-32fc-4b4c-9466-9824c1b5aa0f,63113cb1-a711-410c-b2e3-73e2bb44a53b,NA9
LInux2,dest linux,2015-11-17T19:39:07.046Z,UBUNTU1264,UBUNTU12/64,2,4,NULL,NULL,9aafbd15-2683-409c-91a9-fe9d992f61a0,3bb956f0-d5b8-4e2b-bd7c-e6709c6a2c8f,172.16.0.12,a48fd2f8-bb3c-4200-85ba-20d19421f199,653afa6a-e47d-4483-8312-53618dc26666,100e45cd-b8ba-42c6-af03-a39ba5ccc364,NA9
Server B,Server B,2015-11-17T19:39:07.046Z,WIN2008S64,WIN2008S/64,4,8,NULL,NULL,becdd637-6f5a-406b-b17a-2dfd1fa9a8d1,2bc6210e-ee34-4f90-bcf1-f3d9df0dc476,10.0.0.12,e7630d6b-4de4-4f9a-aaba-7f057f2aeb20,feecba3f-b3ca-4473-99aa-8396f7d69721,1519ea62-14b1-497c-8418-459668284617,NA9
ECC PROD,,2015-11-17T19:39:07.046Z,WIN2008R2E64,WIN2008R2E/64,8,32,NULL,NULL,NULL,NULL,NULL,NULL,5f50fd7f-2db4-4701-8cf0-829e81998d91,662e6e0d-c3e6-47d0-99e6-8ba8a161314b,NA3
Demo Server - Linux,,2015-11-17T19:39:07.046Z,CENTOS664,CENTOS6/64,2,4,NULL,NULL,20967388-492b-4bea-8bea-95678ae421b9,50c829b3-1493-49b3-a42c-ed4a542045b1,10.1.1.11,8b914f97-80db-4e57-83bf-ff593a41d233,5d2fa040-bac3-40b8-9de9-005cf94d5f1c,b64f9ab8-735f-43a1-acee-1c8f3e85d324,NA12
Test01,,2015-11-17T19:39:07.046Z,REDHAT664,REDHAT6/64,2,4,NULL,NULL,628dc6b6-f98d-47bc-ac9c-df6303571a97,02e6eb57-4b50-4b74-a959-c1fe26c5b269,10.0.8.11,def84afc-f9c9-49e7-aa9a-1b3d91b4fbdf,a4a9e831-1d0d-4d55-a772-9f490e11955e,58bd2466-f465-499c-a10d-d2236e434343,NA12
Test02,,2015-11-17T19:39:07.046Z,REDHAT664,REDHAT6/64,2,4,NULL,NULL,57050bf9-7a54-4e4d-8e6e-d94780b6b61e,02e6eb57-4b50-4b74-a959-c1fe26c5b269,10.0.8.12,def84afc-f9c9-49e7-aa9a-1b3d91b4fbdf,a4a9e831-1d0d-4d55-a772-9f490e11955e,201f9169-5c38-4162-8b07-72e78bfb5e14,NA12
Demo Server - Windows 2k12,,2015-11-17T19:39:07.046Z,WIN2012R2S64,WIN2012R2S/64,2,4,NULL,NULL,acdfa15f-8906-4d9f-a27c-5db163f23408,50c829b3-1493-49b3-a42c-ed4a542045b1,10.1.1.12,8b914f97-80db-4e57-83bf-ff593a41d233,fa24ce11-1a1a-44a4-b7ce-a61ddc314d54,67271785-d19e-4be7-b104-91508ba48995,NA12
Server C,,2015-11-17T19:39:07.046Z,WIN2008R2DC64,WIN2008R2DC/64,2,4,NULL,NULL,f58eb2b8-6380-4f52-a1be-baf4bd83d2ff,2bc6210e-ee34-4f90-bcf1-f3d9df0dc476,10.0.0.13,e7630d6b-4de4-4f9a-aaba-7f057f2aeb20,3c21d3f2-23e4-40e6-9d57-5b43d2f5330f,6ca63382-fe48-4ea6-8145-7b97f5a63bcb,NA9
BaaS_Demo_Source_NA9,,2015-11-17T19:39:07.046Z,WIN2008R2S64,WIN2008R2S/64,2,4,NULL,NULL,b4bf7fbf-67fc-4e6a-a37c-d941da4c072e,5ba65192-f376-44c5-ab59-c4de44569992,10.1.2.11,2709df9f-d07e-4627-8042-e4cfa316a963,8088eaf2-7781-4eeb-a508-0572af8b4352,54a3a826-ccf6-49f9-9b71-076f9e5e8090,NA9
DEMO_HANAPROD,SAP HANA Production Demo\n30 cores x 128GB RAM,2015-11-17T19:39:07.046Z,SLES1164,SUSE11/64,2,4,NULL,NULL,NULL,NULL,NULL,NULL,723958e3-8b3a-46ec-bcf5-90fa482fbb5f,8c09f542-d5e9-44ea-bf69-42d1346c02a6,NA3
DEMO_SAP_HANA_PROD,SAP HANA SPS9\n30vCPUs x 128GB RAM,2015-11-17T19:39:07.046Z,REDHAT664,REDHAT6/64,30,128,NULL,NULL,9b4dd26f-7641-49f1-a830-840db297d69f,d3db8d9c-0d81-4ca2-8db2-ed4a28777e9e,10.0.0.11,f4937b8f-6ce9-4138-a270-18e5dd8e3a23,f78da8fa-986b-4c98-8f87-dc3c2f9e5987,6505fe24-5221-4e39-96a0-6d55e85f334e,NA9
DEMO_ECC_App,ECC 6.0 EHP8 Application Server\n2vCPU x 24GB RAM,2015-11-17T19:39:07.046Z,WIN2012R2DC64,WIN2012R2DC/64,2,24,NULL,NULL,b72933c4-b3dc-4d3a-b033-5c94d3cbf6a1,d3db8d9c-0d81-4ca2-8db2-ed4a28777e9e,10.0.0.12,f4937b8f-6ce9-4138-a270-18e5dd8e3a23,606321d3-53e3-4a56-a2c5-31144a39bdfa,681b9ad8-2045-43b0-a10a-d7458de3995b,NA9
DEMO_SBOP-DataServices,SAP SBOP BI 4.1 + Data Services 4.1\n2vCPU x 32GB RAM,2015-11-17T19:39:07.046Z,WIN2012R2DC64,WIN2012R2DC/64,2,32,NULL,NULL,f09a0374-678c-4661-ad8c-4d614c3f55b3,d3db8d9c-0d81-4ca2-8db2-ed4a28777e9e,10.0.0.14,f4937b8f-6ce9-4138-a270-18e5dd8e3a23,606321d3-53e3-4a56-a2c5-31144a39bdfa,70a212a8-7a3c-4934-8957-f77d1b38e6cf,NA9
DEMO_BW_App,BW 7.4 App Server\n2vCPU x 24GB,2015-11-17T19:39:07.046Z,WIN2012R2DC64,WIN2012R2DC/64,2,24,NULL,NULL,bbf11b1c-824a-445d-b4bd-efd58f71dacc,d3db8d9c-0d81-4ca2-8db2-ed4a28777e9e,10.0.0.13,f4937b8f-6ce9-4138-a270-18e5dd8e3a23,5f257afc-b2b8-476d-b9e8-35ca270c2744,71d3e734-9223-4711-a4f1-cfe4e22fe190,NA9
DEMO_OPENVPN,OpenVPN Server\n2vCPU x 4GB RAM,2015-11-17T19:39:07.046Z,WIN2012R2DC64,WIN2012R2DC/64,2,4,NULL,NULL,392f8f5c-c716-4f94-a3cf-9284d7e86c1c,d3db8d9c-0d81-4ca2-8db2-ed4a28777e9e,10.0.0.16,f4937b8f-6ce9-4138-a270-18e5dd8e3a23,606321d3-53e3-4a56-a2c5-31144a39bdfa,ce9e6c55-af68-405c-83f7-dbfdc9bbb49e,NA9
webserver,,2015-11-17T19:39:07.046Z,UBUNTU1464,UBUNTU14/64,2,4,NULL,NULL,4099a5d6-2dd3-48d4-8817-5e33426becb3,d2604aba-6f3c-4384-bfe6-0d86508ae06c,10.0.0.14,a48fd2f8-bb3c-4200-85ba-20d19421f199,4c02126c-32fc-4b4c-9466-9824c1b5aa0f,1f5847fc-f157-4374-ae6b-06a904ef56bb,NA9
LBExample1,Used in demo'ing LB features,2015-11-17T19:39:07.046Z,UBUNTU1464,UBUNTU14/64,2,4,NULL,NULL,b500e7d1-c0c7-4187-8a17-d79c0c15de3f,eb32dbcc-e440-4356-8ce8-03f23dca53db,172.16.0.12,006ea1be-6746-4e3f-abae-5270594e6bf3,4c02126c-32fc-4b4c-9466-9824c1b5aa0f,12d1c588-b28c-4aca-9c43-7f3e00d2ec9d,NA9
LBExample2,2nd Server for LB Demo,2015-11-17T19:39:07.046Z,UBUNTU1464,UBUNTU14/64,2,4,NULL,NULL,6c867bd5-5223-4d6d-8c86-0cf5e8958e16,eb32dbcc-e440-4356-8ce8-03f23dca53db,172.16.0.13,006ea1be-6746-4e3f-abae-5270594e6bf3,4c02126c-32fc-4b4c-9466-9824c1b5aa0f,7711fdb2-a6ee-42b6-b1c0-63bdd2ccbe50,NA9
DEMO_SolMan7.1,New SAP Solution Manager 7.1\n- SAP Router\n- Software repository\n,2015-11-17T19:39:07.046Z,WIN2012R2DC64,WIN2012R2DC/64,2,24,NULL,NULL,18b1eea7-7d53-4d51-a534-72c3c750c4ed,d3db8d9c-0d81-4ca2-8db2-ed4a28777e9e,10.0.0.17,f4937b8f-6ce9-4138-a270-18e5dd8e3a23,606321d3-53e3-4a56-a2c5-31144a39bdfa,1af9893a-d5bd-49bb-9471-e6ddef378bd6,NA9
DEMO_SAP_HANA_DR,SAP HANA SPS9\n30vCPUs x 128GB RAM,2015-11-17T19:39:07.046Z,REDHAT664,REDHAT6/64,30,128,NULL,NULL,a0c9f518-66d5-4f4d-9ce0-58e3657ce74d,94186a28-c6ae-42e6-b39f-f3e0f7063428,10.0.0.21,2ac1ac19-4e98-4d83-a56b-16e866056f49,d71eee26-cbfa-4f5b-b7f8-52067f8787aa,f2adb377-d466-4073-809e-97659e4de838,NA12
WebStack1,Puppet (OS) server and NodeJS web app. Also part of VIP management node (1). {cost-code: wb4533},2015-11-17T19:39:07.046Z,REDHAT664,REDHAT6/64,2,4,NULL,NULL,2585c299-16a0-4d65-8774-7ce02e317a28,12a85848-d04d-4f89-a5df-9991d13edd01,10.0.0.11,b0bebfcb-3d8d-4d39-99bd-71bed8ea026d,a4a9e831-1d0d-4d55-a772-9f490e11955e,a09ff113-31a7-403c-8220-1c14db294806,NA12
DEMO_ECC_App_DR,ECC 6.0 EHP8 Application Server\n2vCPU x 24GB RAM,2015-11-17T19:39:07.046Z,WIN2012R2DC64,WIN2012R2DC/64,2,24,NULL,NULL,971339d9-865e-4110-814d-ca17880a34c1,94186a28-c6ae-42e6-b39f-f3e0f7063428,10.0.0.22,2ac1ac19-4e98-4d83-a56b-16e866056f49,e1c644ff-ed99-4d22-81ce-a46fc0a4ac1d,6e6d21d4-83bc-4ec8-bc34-f47125d37ca4,NA12
DEMO_BW_App_DR,BW 7.4 App Server\n2vCPU x 24GB,2015-11-17T19:39:07.046Z,WIN2012R2DC64,WIN2012R2DC/64,2,24,NULL,NULL,1e352f17-555c-4d7d-98c5-6086c9de389e,94186a28-c6ae-42e6-b39f-f3e0f7063428,10.0.0.23,2ac1ac19-4e98-4d83-a56b-16e866056f49,e1c644ff-ed99-4d22-81ce-a46fc0a4ac1d,d87e2630-6679-4f8e-9fad-6065a7f67e83,NA12
WebStack2,NodeJS Webapp and also part of VIP managed node (2),2015-11-17T19:39:07.046Z,CENTOS664,CENTOS6/64,2,4,NULL,NULL,5a4c06b2-50ba-4a48-885c-09ec9b89d9a1,12a85848-d04d-4f89-a5df-9991d13edd01,10.0.0.12,b0bebfcb-3d8d-4d39-99bd-71bed8ea026d,5d2fa040-bac3-40b8-9de9-005cf94d5f1c,26dab34a-6d8e-460e-be26-29791c3543c0,NA12
MyTestServer,Server Created using PS,2015-11-17T19:39:07.046Z,WIN2012DC64,WIN2012DC/64,2,4,NULL,NULL,92a16728-ef79-4947-8760-83992fe6597d,1e4bbfa2-f641-4b05-917a-71227980e330,192.168.100.8,10ab4770-abcb-4052-8940-1b1ca5941f38,16e862f6-3837-446e-abb8-31f09dcad6f0,13349dc1-2c43-44ea-9a9a-bd22de827983,NA9
MyTestServer1,Server Created using PS,2015-11-17T19:39:07.046Z,WIN2012DC64,WIN2012DC/64,2,4,NULL,NULL,77d9730a-251b-4879-963e-9cfb1674514f,1e4bbfa2-f641-4b05-917a-71227980e330,192.168.100.9,10ab4770-abcb-4052-8940-1b1ca5941f38,16e862f6-3837-446e-abb8-31f09dcad6f0,14deafb3-0c00-41b0-9177-e494e4dd4c28,NA9
MyTestServer3,Server Created using PS,2015-11-17T19:39:07.046Z,WIN2012DC64,WIN2012DC/64,2,4,NULL,NULL,d9ad4224-7de7-46e2-aec5-ee62bc811eb6,1e4bbfa2-f641-4b05-917a-71227980e330,192.168.100.11,10ab4770-abcb-4052-8940-1b1ca5941f38,16e862f6-3837-446e-abb8-31f09dcad6f0,60ebbd6b-79e2-4887-bad0-09f2f76e2045,NA9
MyTestServer2,Server Created using PS,2015-11-17T19:39:07.046Z,WIN2012DC64,WIN2012DC/64,2,4,NULL,NULL,883820d6-a9ac-4e8f-9310-f0ea7d72f9e9,1e4bbfa2-f641-4b05-917a-71227980e330,192.168.100.10,10ab4770-abcb-4052-8940-1b1ca5941f38,16e862f6-3837-446e-abb8-31f09dcad6f0,eef3462d-953d-499a-8597-8697acd27a95,NA9
Puppet client,Puppet agent installed,2015-11-17T19:39:07.046Z,REDHAT664,REDHAT6/64,2,4,NULL,NULL,073e41f3-47a2-495c-b40c-62cbb4c8a98d,12a85848-d04d-4f89-a5df-9991d13edd01,10.0.0.13,b0bebfcb-3d8d-4d39-99bd-71bed8ea026d,a4a9e831-1d0d-4d55-a772-9f490e11955e,31d08489-7b4b-4ea4-aba8-e0ff2d5528a5,NA12
Checkit,,2015-11-17T19:39:07.046Z,REDHAT664,REDHAT6/64,4,8,NULL,NULL,a9e33e72-c40c-4635-8f59-add0d082d4e1,36a93259-5a95-42e4-ae16-79b8bd6fdba7,10.0.0.8,4ba393b5-6f43-41df-a461-54b3304ed00f,615b403b-8c8e-4f61-9617-cab968728dfb,65a8cc51-4167-43bd-a9ff-6d35652fb300,NA9
DT-Admin-Console,,2015-11-17T19:39:07.046Z,WIN2012R2S64,WIN2012R2S/64,2,4,NULL,NULL,83514020-849f-4ed5-92e2-1c9dc9790f87,cba70670-22a5-4347-80f7-98fbd7cee4fe,10.0.1.100,8b914f97-80db-4e57-83bf-ff593a41d233,fa24ce11-1a1a-44a4-b7ce-a61ddc314d54,2c94832c-9275-4aa8-96e2-cc55b0d2417d,NA12
Windows2012-production,,2015-11-17T19:39:07.046Z,WIN2012R2S64,WIN2012R2S/64,2,4,NULL,NULL,1b4d54d1-af86-44b9-80eb-72bd9a7cac31,1d866e91-bf54-489e-9972-5da26eb74ac8,10.0.0.8,8b914f97-80db-4e57-83bf-ff593a41d233,fa24ce11-1a1a-44a4-b7ce-a61ddc314d54,589d4728-a31a-4c29-b170-cd8fdc50f4f8,NA12
Windows2012-DR,,2015-11-17T19:39:07.046Z,WIN2012R2S64,WIN2012R2S/64,2,4,NULL,NULL,a1fba0d0-89af-4a99-a2a9-4908307933ae,cba70670-22a5-4347-80f7-98fbd7cee4fe,10.0.1.8,8b914f97-80db-4e57-83bf-ff593a41d233,fa24ce11-1a1a-44a4-b7ce-a61ddc314d54,927ca380-f617-4c86-9dff-4346bb4df21f,NA12
RedHat-Production,,2015-11-17T19:39:07.046Z,REDHAT664,REDHAT6/64,2,4,NULL,NULL,32c86ee6-cb54-4cd5-aa47-2fc3becd332a,1d866e91-bf54-489e-9972-5da26eb74ac8,10.0.0.9,8b914f97-80db-4e57-83bf-ff593a41d233,a4a9e831-1d0d-4d55-a772-9f490e11955e,1e3013e7-b249-48ab-8fd0-b72542e0f8d3,NA12
RedHat-DR,,2015-11-17T19:39:07.046Z,REDHAT664,REDHAT6/64,2,4,NULL,NULL,53e60940-1305-45c8-8ca9-77271b79bf01,cba70670-22a5-4347-80f7-98fbd7cee4fe,10.0.1.9,8b914f97-80db-4e57-83bf-ff593a41d233,a4a9e831-1d0d-4d55-a772-9f490e11955e,8d9ad3fd-1d23-4665-b840-dc056efc3cb0,NA12
RedHat-Production2,,2015-11-17T19:39:07.046Z,REDHAT664,REDHAT6/64,2,4,NULL,NULL,ae35e8d6-4cdd-4a61-989f-806958891803,1d866e91-bf54-489e-9972-5da26eb74ac8,10.0.0.10,8b914f97-80db-4e57-83bf-ff593a41d233,a4a9e831-1d0d-4d55-a772-9f490e11955e,8750482f-9053-4cfc-ad66-e1f7d5561cee,NA12
Redhat-DR2,,2015-11-17T19:39:07.046Z,REDHAT664,REDHAT6/64,2,4,NULL,NULL,4d7fe17f-662f-48e0-898f-b7614271926d,cba70670-22a5-4347-80f7-98fbd7cee4fe,10.0.1.10,8b914f97-80db-4e57-83bf-ff593a41d233,a4a9e831-1d0d-4d55-a772-9f490e11955e,45913d75-1b0f-404e-b85d-58fe440c71b3,NA12
linuxserver,,2015-11-17T19:39:07.046Z,REDHAT664,REDHAT6/64,2,4,NULL,NULL,31f80852-ea1a-4a3f-a5c8-94da22bb6820,4ffb50d0-3cbc-4ef2-8c56-a27cbe447413,192.168.5.8,5a16cfe3-d01e-455b-8a5e-b6eeb52ef9ee,f78da8fa-986b-4c98-8f87-dc3c2f9e5987,c4eb2bda-4975-48a2-97a8-0d98c77072a5,NA9
WinBackup,Backup server testing,2015-11-17T19:39:07.046Z,WIN2012R2S64,WIN2012R2S/64,2,4,NULL,NULL,d4317769-cf29-4ccc-8f51-f36aa1e611ed,f886ab5d-6b95-4121-9f32-4ac8a02a559c,10.0.0.8,53206c98-dd27-4f86-8b3d-34b8679e1e09,8bc629a9-8d71-4b1b-8b26-acdc077edab1,5b6050ba-ca94-4255-8611-4d2033059924,NA9
LinuxBackupTest,,2015-11-17T19:39:07.046Z,REDHAT664,REDHAT6/64,2,4,NULL,NULL,bc4a679b-6975-4271-9c1d-ba5eb15f36c3,f886ab5d-6b95-4121-9f32-4ac8a02a559c,10.0.0.9,53206c98-dd27-4f86-8b3d-34b8679e1e09,f78da8fa-986b-4c98-8f87-dc3c2f9e5987,766faba5-f071-4df6-85e9-d4cfa7c1d165,NA9
WinBackup2,,2015-11-17T19:39:07.046Z,WIN2012R2S64,WIN2012R2S/64,2,4,NULL,NULL,1e4473a2-2d42-42f1-9423-5b1de6baf11c,f886ab5d-6b95-4121-9f32-4ac8a02a559c,10.0.0.11,53206c98-dd27-4f86-8b3d-34b8679e1e09,8bc629a9-8d71-4b1b-8b26-acdc077edab1,ddd538a3-d691-41bf-958b-42d062db2778,NA9
LinuxBackup2,,2015-11-17T19:39:07.046Z,REDHAT664,REDHAT6/64,2,4,NULL,NULL,3b2f574e-2e15-4188-86d6-6b5c5f9eb28f,f886ab5d-6b95-4121-9f32-4ac8a02a559c,10.0.0.10,53206c98-dd27-4f86-8b3d-34b8679e1e09,f78da8fa-986b-4c98-8f87-dc3c2f9e5987,19b66754-435e-48a0-abf9-7195f2c8697e,NA9
Secure2,,2015-11-17T19:39:07.046Z,REDHAT564,REDHAT5/64,4,4,NULL,NULL,79ec5c82-7879-4f6b-80ab-b010b6a82c05,36a93259-5a95-42e4-ae16-79b8bd6fdba7,10.0.0.10,4ba393b5-6f43-41df-a461-54b3304ed00f,c3c4a947-56f4-498f-8833-70996b8c2643,4adc0b87-fe86-4d23-8042-3db6838dae8a,NA9
Checkpoint V2,,2015-11-17T19:39:07.046Z,REDHAT564,REDHAT5/64,4,4,NULL,NULL,33cdd4c0-3f28-4c77-803d-f48d86fff480,36a93259-5a95-42e4-ae16-79b8bd6fdba7,10.0.0.9,4ba393b5-6f43-41df-a461-54b3304ed00f,c3c4a947-56f4-498f-8833-70996b8c2643,2fc79bc5-59a0-416a-841a-33ebeb4ef738,NA9
HDP_Node1,,2015-11-17T19:39:07.046Z,REDHAT664,REDHAT6/64,4,8,NULL,NULL,df881883-7d3f-4bdc-9206-45f6b04eab50,710c6348-a711-456b-ab38-65fe0c713697,192.168.1.8,b6c2afb2-07a9-4d9e-a118-b0c949a1e8f5,f01c4607-c457-4ce8-8a77-152a296d847b,3ac2da52-241d-4c9c-8828-fdcc6e2a3313,NA9
DevelopmentLinux,Installed with Ruby,2015-11-17T19:39:07.046Z,REDHAT664,REDHAT6/64,2,4,NULL,NULL,b6276724-7307-49d1-871d-ced536d24dd9,744d3e04-e1f9-4424-90f3-bb2d3a083034,172.16.0.8,b0bebfcb-3d8d-4d39-99bd-71bed8ea026d,a4a9e831-1d0d-4d55-a772-9f490e11955e,bd18f93f-c318-466e-9cb2-f3b5ae89f8f6,NA12
DemoServer12345,Delete anytime,2015-11-17T19:39:07.046Z,CENTOS664,CENTOS6/64,2,4,NULL,NULL,05bfef95-db01-483a-9dd6-392213ce8d04,74265f96-52df-4ad0-af06-aa920048e8a8,10.2.8.11,2709df9f-d07e-4627-8042-e4cfa316a963,dc4f5eac-841c-4c51-8185-f15bfaaebf39,fa26588a-5332-47a0-a28a-760d812985a8,NA9
DMZ Test Server,Delete Anytime,2015-11-17T19:39:07.046Z,WIN2012R2S64,WIN2012R2S/64,2,4,NULL,NULL,037a922d-64d3-446e-8705-7da44d306869,83ed61eb-da31-4f88-bcf9-1671a6f72e1e,10.0.1.11,c6c2888b-3ad8-4b70-8a90-c9a93237588b,fa24ce11-1a1a-44a4-b7ce-a61ddc314d54,0551e18d-9b3b-4c4f-965c-85a512705cd9,NA12
PuppetClient-Ent,Puppet Enterprise client (node). {cost-code: wb4533},2015-11-17T19:39:07.046Z,REDHAT664,REDHAT6/64,2,4,NULL,NULL,25933372-61c2-4cb1-8c32-7f78f4bc7fa8,12a85848-d04d-4f89-a5df-9991d13edd01,10.0.0.9,b0bebfcb-3d8d-4d39-99bd-71bed8ea026d,a4a9e831-1d0d-4d55-a772-9f490e11955e,76a98350-98c7-4daf-b2b0-3685fda4847e,NA12
Windows-PuppetEnt-node,,2015-11-17T19:39:07.046Z,WIN2012R2S64,WIN2012R2S/64,2,4,NULL,NULL,ddf07b10-026a-4546-9900-0f1690a8138e,12a85848-d04d-4f89-a5df-9991d13edd01,10.0.0.10,b0bebfcb-3d8d-4d39-99bd-71bed8ea026d,fa24ce11-1a1a-44a4-b7ce-a61ddc314d54,c375fa99-29ff-4458-8a71-449478166b64,NA12
PuppetServer+ClouderaManager,Enterprise edition 2015.2,2015-11-17T19:39:07.046Z,REDHAT664,REDHAT6/64,4,8,NULL,NULL,f3080308-1d8e-46bf-9ce0-acc33880a8a6,12a85848-d04d-4f89-a5df-9991d13edd01,10.0.0.8,b0bebfcb-3d8d-4d39-99bd-71bed8ea026d,d71eee26-cbfa-4f5b-b7f8-52067f8787aa,745dc52a-d89f-4b96-ace6-549f4ddffb22,NA12
Windows 2012,,2015-11-17T19:39:07.046Z,WIN2012R2S64,WIN2012R2S/64,2,4,NULL,NULL,dab6988e-07d8-4378-9b3a-5ad48d1fce8a,74c5d465-aaec-42bb-a484-9528e3551430,172.16.0.9,dfcdb573-c54f-445d-86cd-43bf913b37d3,8bc629a9-8d71-4b1b-8b26-acdc077edab1,1e9891e1-c1e2-4b9b-b575-51417bc580fb,NA9
Linux,,2015-11-17T19:39:07.046Z,REDHAT664,REDHAT6/64,2,4,NULL,NULL,d7234fa0-3bbe-42d0-b233-d7b35a418aae,74c5d465-aaec-42bb-a484-9528e3551430,172.16.0.10,dfcdb573-c54f-445d-86cd-43bf913b37d3,f78da8fa-986b-4c98-8f87-dc3c2f9e5987,5650c789-62e2-4a4c-95de-6b70a527bfc2,NA9
DavidDemo01,,2015-11-17T19:39:07.046Z,CENTOS664,CENTOS6/64,2,4,NULL,NULL,888a0db7-1fa4-4fc0-a1b9-95950c5e589e,e8adec48-49d3-4d3c-b082-d55e4b10dfb0,10.8.0.108,cac425da-a92e-4f1b-81b9-d250b617717c,dc4f5eac-841c-4c51-8185-f15bfaaebf39,e217700a-18d1-4441-8dd4-0e652779ace0,NA9
DavidDemo02,,2015-11-17T19:39:07.046Z,UBUNTU1264,UBUNTU12/64,2,4,NULL,NULL,49e35dda-6a7d-4481-b877-d172d6eb2c23,e8adec48-49d3-4d3c-b082-d55e4b10dfb0,10.8.0.109,cac425da-a92e-4f1b-81b9-d250b617717c,653afa6a-e47d-4483-8312-53618dc26666,3759de7d-e9c1-4291-8582-15800173bbda,NA9
DT-RH5-source,,2015-11-17T19:39:07.046Z,REDHAT564,REDHAT5/64,2,4,NULL,NULL,f5611449-d7cd-4364-8088-35713c229457,d2604aba-6f3c-4384-bfe6-0d86508ae06c,10.0.0.8,a48fd2f8-bb3c-4200-85ba-20d19421f199,6cca2576-c87b-4b2c-8a23-b5dcf5a4e35d,ab791a1c-b275-48ae-bbcf-e095905a79a3,NA9
DT-Admin,,2015-11-17T19:39:07.046Z,WIN2012R2S64,WIN2012R2S/64,2,4,NULL,NULL,52c91155-13d1-4ff9-bb97-d48f77989a9b,3bb956f0-d5b8-4e2b-bd7c-e6709c6a2c8f,172.16.0.8,a48fd2f8-bb3c-4200-85ba-20d19421f199,8bc629a9-8d71-4b1b-8b26-acdc077edab1,a04227a7-5cff-4bf4-b35b-b9e77f639caf,NA9
DT-CentOS-target,,2015-11-17T19:39:07.046Z,CENTOS664,CENTOS6/64,2,4,NULL,NULL,ac6a1913-6bcd-4619-99ce-9ac6ffc1d674,3bb956f0-d5b8-4e2b-bd7c-e6709c6a2c8f,172.16.0.9,a48fd2f8-bb3c-4200-85ba-20d19421f199,dc4f5eac-841c-4c51-8185-f15bfaaebf39,598b22c7-1e20-41ae-a9c7-0bc6e3d2adcc,NA9
CentOS-DT-source,,2015-11-17T19:39:07.046Z,CENTOS564,CENTOS5/64,2,4,NULL,NULL,9821e8d0-5e4e-469b-a805-9afe0a3e7549,d2604aba-6f3c-4384-bfe6-0d86508ae06c,10.0.0.9,a48fd2f8-bb3c-4200-85ba-20d19421f199,c8e8bbcb-f4ed-41d2-b4f9-37272baa7fca,6028cd4b-0200-41ee-bc8f-21227c4d4cb6,NA9
hdp_win01,,2015-11-17T19:39:07.046Z,WIN2012R2S64,WIN2012R2S/64,4,8,NULL,NULL,71fe0f36-cc82-45b0-97f6-a62247fda0b2,bf128a09-097a-46db-966e-620aa3deb55d,10.192.11.9,b6c2afb2-07a9-4d9e-a118-b0c949a1e8f5,888efb5a-2d62-4de5-8136-c5a6479e3958,f813de9c-39d6-49cb-b0ec-89f5811c811b,NA9
Justicia en la Nube - DB,Memoria: 16 GB ? Disco: 60 GB ? Procesador: 8 núcleos ? Sistema Operativo: CentOS 7 o Red Hat Enterprise 7,2015-11-17T19:39:07.046Z,REDHAT664,REDHAT6/64,8,16,NULL,NULL,NULL,NULL,NULL,NULL,4f356603-d007-4bef-946b-bd8eecc08be3,21c9f373-9271-438f-a549-f5e6eca21c6e,NA3
ID en la Nube - Motor biometrico,Memoria 16GB RAM · 10GB HD · 2 procesadores quad core Intel® Xeon® E5-2609, equivalente y/o superior · Windows Server 2012,2015-11-17T19:39:07.046Z,WIN2012R2S64,WIN2012R2S/64,2,16,NULL,NULL,NULL,NULL,NULL,NULL,0c213a97-03ea-4918-beab-dabec2212aff,7f8aa4b5-8914-4378-9bcd-7376331d4b57,NA3
Justicia en la Nube - Aplicaciones ,Memoria: 16 GB ? Disco: 60 GB ? Procesador: 8 núcleos ? Sistema Operativo: CentOS 7 o Red Hat Enterprise 7,2015-11-17T19:39:07.046Z,REDHAT664,REDHAT6/64,8,16,NULL,NULL,NULL,NULL,NULL,NULL,4f356603-d007-4bef-946b-bd8eecc08be3,5fe4fd0e-e072-46c8-989b-bf468f27beff,NA3
ID en la Nube - Bioserver y Motor Facial,16GB RAM · 10GB HD · 2 procesadores quad core Intel® Xeon® E5-2609, equivalente y/o superior · Windows Server 2012,2015-11-17T19:39:07.046Z,WIN2012R2S64,WIN2012R2S/64,2,16,NULL,NULL,NULL,NULL,NULL,NULL,0c213a97-03ea-4918-beab-dabec2212aff,9f4a2eee-e7df-42f1-8ffc-50f48f1b6673,NA3
VPN Incoming Server,,2015-11-17T19:39:07.046Z,UBUNTU1464,UBUNTU14/64,2,4,NULL,NULL,NULL,NULL,NULL,NULL,d19f88bb-eb1d-48cc-9dc9-b6b218f911b7,c5361052-0399-42cf-b0e5-9f98eb21097f,NA3
DT-CentOS Source,,2015-11-17T19:39:07.046Z,CENTOS664,CENTOS6/64,2,4,NULL,NULL,e947c3b7-c19b-49ce-8e05-e76d1d5ce95f,d2604aba-6f3c-4384-bfe6-0d86508ae06c,10.0.0.10,a48fd2f8-bb3c-4200-85ba-20d19421f199,9571c461-1ae1-456f-aed3-26b10f9b0374,b336ec9e-660c-4b9a-aeca-2661419975ed,NA9
mapr-01,,2015-11-17T19:39:07.046Z,REDHAT664,REDHAT6/64,4,8,NULL,NULL,a783139c-4a32-45f0-85c1-2daa8c2dc1b2,bf128a09-097a-46db-966e-620aa3deb55d,10.192.11.8,b6c2afb2-07a9-4d9e-a118-b0c949a1e8f5,615b403b-8c8e-4f61-9617-cab968728dfb,b6582c9e-7560-4ddc-90b9-947a54e62eb0,NA9
Hdp2.3-node1,,2015-11-17T19:39:07.046Z,REDHAT664,REDHAT6/64,4,8,NULL,NULL,NULL,NULL,NULL,NULL,ba663639-16d3-4e74-a29c-cdfd61b6e0f2,92a3d974-efcc-4116-8ddb-88a7aadbbb94,NA5
hdpsandbox,,2015-11-17T19:39:07.046Z,REDHAT664,REDHAT6/64,4,8,NULL,NULL,NULL,NULL,NULL,NULL,542c8764-d6e9-42da-a54f-f2e6a4e7d9cd,8c35bea9-0c80-4831-a461-40be496fd701,NA5
DT-RH5-testtarget,,2015-11-17T19:39:07.046Z,REDHAT564,REDHAT5/64,2,4,NULL,NULL,e43514ff-1630-43dc-af69-aa69753f1ac9,3bb956f0-d5b8-4e2b-bd7c-e6709c6a2c8f,172.16.0.10,a48fd2f8-bb3c-4200-85ba-20d19421f199,adb96e79-c318-47e3-a977-c224950f06ea,60a2eb3d-3a30-43b4-9c61-92cef2ee14f5,NA9
DT-source-unbuntu14,,2015-11-17T19:39:07.046Z,UBUNTU1264,UBUNTU12/64,2,4,NULL,NULL,7466b952-2e02-4bfe-a4db-8f5a69fac836,d2604aba-6f3c-4384-bfe6-0d86508ae06c,10.0.0.11,a48fd2f8-bb3c-4200-85ba-20d19421f199,653afa6a-e47d-4483-8312-53618dc26666,563dbfd2-0ef7-43eb-b7be-7bdd00d839a9,NA9
Ubuntu12target,,2015-11-17T19:39:07.046Z,UBUNTU1264,UBUNTU12/64,2,4,NULL,NULL,d02f86e8-3df9-4686-a601-ca655acd4c07,3bb956f0-d5b8-4e2b-bd7c-e6709c6a2c8f,172.16.0.11,a48fd2f8-bb3c-4200-85ba-20d19421f199,653afa6a-e47d-4483-8312-53618dc26666,11fb3f44-9845-415d-ac52-ab3ad8c7a509,NA9
Tableau Server - Demo,,2015-11-17T19:39:07.046Z,WIN2012R2S64,WIN2012R2S/64,8,32,NULL,NULL,NULL,NULL,NULL,NULL,808a8fba-ac45-4765-933f-4e7df24868b4,db7c83c7-da2c-41fc-8c9b-9d5f935e5363,NA5
DevelopmentWindows,Big Data Analytics.  {cost-code: wb4533},2015-11-17T19:39:07.046Z,WIN2012R2S64,WIN2012R2S/64,4,64,NULL,NULL,a1f62bb2-6fe1-455a-8083-ca6120365f5a,744d3e04-e1f9-4424-90f3-bb2d3a083034,172.16.0.12,b0bebfcb-3d8d-4d39-99bd-71bed8ea026d,4dd440e2-f034-4d00-a6a1-9ca53f97b845,bb3c3ea9-ed9b-46eb-937d-f5f2493169f2,NA12
SaltServer,Master,2015-11-17T19:39:07.046Z,REDHAT664,REDHAT6/64,2,4,NULL,NULL,df7b59ae-b787-4f03-881d-433d5c924d14,41f770e0-b530-44f3-b3e3-246ae4fe5da8,10.0.0.8,c5e83e01-d7e3-4357-8725-1f7183f0ae70,e661666a-fc9c-4ff6-b3e3-73e420a5577f,46c453cf-2889-4335-b118-b04edb127068,NA12
Ankit Test -2 ,Testing,2015-11-17T19:39:07.046Z,REDHAT664,REDHAT6/64,2,4,NULL,NULL,2819ba4f-106b-4d53-959a-ce9c1a4867da,0c73ef91-db24-4bf4-b811-997384c92294,10.0.0.8,6f5ea54b-e198-4d17-984c-df4d5eb66272,f78da8fa-986b-4c98-8f87-dc3c2f9e5987,ad9b59c8-c36d-4efe-8532-305c25f0b545,NA9
Application A,,2015-11-17T19:39:07.046Z,WIN2012S64,WIN2012S/64,4,8,NULL,NULL,5798fe0a-441d-46c7-9679-c8380bdbe483,7d51cdae-daa7-41f2-ad9d-56e0276d8fbe,10.0.0.8,633ff927-e29b-41f2-afa0-c3ad797e05ff,1cdfee63-9e40-40f2-98e5-a46e9bfd742c,ea3f62a7-0f3e-4bc6-b3f6-7313acca4144,NA9
DB Server,,2015-11-17T19:39:07.046Z,WIN2012DC64,WIN2012DC/64,4,8,NULL,NULL,ec3af42b-e238-481f-b9a6-39d649b8f806,fc713fd3-8e49-4b4c-af84-f0e751544884,172.16.0.9,633ff927-e29b-41f2-afa0-c3ad797e05ff,639e81d5-16d2-46c0-974f-573d728d6356,f9c155dd-5aa3-484d-aa42-c2bf41eee9d1,NA9
Web,,2015-11-17T19:39:07.046Z,CENTOS764,CENTOS7/64,2,4,NULL,NULL,f947cfc2-0882-4267-acc9-4a22098432cc,a20c4dfd-46e4-48b0-95a2-8e7789616a79,192.168.11.9,633ff927-e29b-41f2-afa0-c3ad797e05ff,1fc89ec7-f3bb-466b-8774-513f2de88336,86ff5719-2419-43fa-8e90-6f04dc374b33,NA9
Janeeva,Janeeva,2015-11-17T19:39:07.046Z,REDHAT664,REDHAT6/64,2,4,NULL,NULL,NULL,NULL,NULL,NULL,1e44ab3f-2426-45ec-a1b5-827b2ce58836,49edff36-5c80-489b-aed1-6970fd17c39d,NA3
ClouderaNode1,Deployed via Cloudera Manager on 10.0.0.8 (PuppetServer),2015-11-17T19:39:07.046Z,REDHAT664,REDHAT6/64,4,64,NULL,NULL,93fe0810-1566-4289-b0fd-7ed713661bf5,12a85848-d04d-4f89-a5df-9991d13edd01,10.0.0.15,b0bebfcb-3d8d-4d39-99bd-71bed8ea026d,d71eee26-cbfa-4f5b-b7f8-52067f8787aa,0584f210-5ff7-4a5f-82a2-ed9a0f379336,NA12
ClouderaNode2,,2015-11-17T19:39:07.046Z,REDHAT664,REDHAT6/64,4,64,NULL,NULL,223523cf-2b01-4d02-b1e0-b80561638f47,12a85848-d04d-4f89-a5df-9991d13edd01,10.0.0.14,b0bebfcb-3d8d-4d39-99bd-71bed8ea026d,d71eee26-cbfa-4f5b-b7f8-52067f8787aa,1cdfaa3d-6866-453d-8470-c5d3005bd84e,NA12
ClouderaNode3,,2015-11-17T19:39:07.046Z,REDHAT664,REDHAT6/64,4,64,NULL,NULL,10561b43-76aa-47ac-8a61-385f5f8eec1a,12a85848-d04d-4f89-a5df-9991d13edd01,10.0.0.16,b0bebfcb-3d8d-4d39-99bd-71bed8ea026d,d71eee26-cbfa-4f5b-b7f8-52067f8787aa,484eef8a-7e43-47e1-8235-1abb0cd5e839,NA12
Zoomdata,Visualize,2015-11-17T19:39:07.046Z,UBUNTU1464,UBUNTU14/64,2,16,NULL,NULL,a9466e7e-ad19-4092-b754-0f1e0a270cc9,12a85848-d04d-4f89-a5df-9991d13edd01,10.0.0.17,b0bebfcb-3d8d-4d39-99bd-71bed8ea026d,fe94b1ad-99c7-4dd8-9d5a-c4c6441bebf8,793ff85f-6097-434b-8e88-566093889b28,NA12
DemoServer-Ben,Built from Powershell Script,2015-11-17T19:39:07.046Z,CENTOS664,CENTOS6/64,2,4,NULL,NULL,NULL,NULL,NULL,NULL,f5b0e8c3-e520-4a42-a0ef-de2644e4d021,77191a1e-b76f-4f6e-aba8-a9aec8169a0c,NA5
dev-db2,test,2015-11-17T19:39:07.046Z,UBUNTU1464,UBUNTU14/64,2,4,NULL,NULL,1f3352d4-f018-41a7-b644-1624c7ff2e51,41f770e0-b530-44f3-b3e3-246ae4fe5da8,10.0.0.9,c5e83e01-d7e3-4357-8725-1f7183f0ae70,fe94b1ad-99c7-4dd8-9d5a-c4c6441bebf8,5813fabf-3568-4cfc-a52b-e2d1a38a907b,NA12
dev-web1,test,2015-11-17T19:39:07.046Z,UBUNTU1464,UBUNTU14/64,2,4,NULL,NULL,9be55e03-40be-4f19-b294-540434c20b6e,41f770e0-b530-44f3-b3e3-246ae4fe5da8,10.0.0.10,c5e83e01-d7e3-4357-8725-1f7183f0ae70,fe94b1ad-99c7-4dd8-9d5a-c4c6441bebf8,28bec1c4-7b04-4824-9390-2bcb16e4214f,NA12
dev-web2,test,2015-11-17T19:39:07.046Z,UBUNTU1464,UBUNTU14/64,2,4,NULL,NULL,742d44e9-e47c-419d-903c-a3b37792d78a,41f770e0-b530-44f3-b3e3-246ae4fe5da8,10.0.0.11,c5e83e01-d7e3-4357-8725-1f7183f0ae70,fe94b1ad-99c7-4dd8-9d5a-c4c6441bebf8,460e483f-921e-4f23-8b10-fafc3c99ef6e,NA12
dev-db1,test,2015-11-17T19:39:07.046Z,UBUNTU1464,UBUNTU14/64,2,4,NULL,NULL,76308074-bbb6-45fd-9862-8195c9c3048e,41f770e0-b530-44f3-b3e3-246ae4fe5da8,10.0.0.12,c5e83e01-d7e3-4357-8725-1f7183f0ae70,fe94b1ad-99c7-4dd8-9d5a-c4c6441bebf8,c108e337-07cd-4761-8ddf-e3dee9c7f701,NA12
AnsibleTower,,2015-11-17T19:39:07.046Z,CENTOS764,CENTOS7/64,2,4,NULL,NULL,9a748e4c-aa56-41be-8665-bdf3dcea3b50,be4fdd13-38f3-4a4f-9ed8-453ac8096ea2,172.16.0.8,c5e83e01-d7e3-4357-8725-1f7183f0ae70,5b9a425a-123a-4284-a5a9-37a0ad203b29,d1a9fa93-ccd6-4d44-9b6e-bb7f99bfbd92,NA12
Zeppelin_Demo,,2015-11-17T19:39:07.046Z,REDHAT664,REDHAT6/64,4,8,NULL,NULL,NULL,NULL,NULL,NULL,ba663639-16d3-4e74-a29c-cdfd61b6e0f2,44cd3618-b401-423e-a2dc-3f4e2772dc0c,NA5
Stackstorm,Devops. {cost-code: wb4533},2015-11-17T19:39:07.046Z,UBUNTU1464,UBUNTU14/64,2,4,NULL,NULL,f5b40f5a-86bc-4d99-95d2-49135c8d1ff3,12a85848-d04d-4f89-a5df-9991d13edd01,10.0.0.18,b0bebfcb-3d8d-4d39-99bd-71bed8ea026d,fe94b1ad-99c7-4dd8-9d5a-c4c6441bebf8,3fe670b9-052e-404c-a986-08127d3cab0c,NA12
Test123,Test123,2015-11-17T19:39:07.046Z,WIN2012R2DC64,WIN2012R2DC/64,4,8,NULL,NULL,NULL,NULL,NULL,NULL,93de685a-e54e-4bbf-95fb-ae3501c4ff3d,b82d91d0-0874-4fc1-b64b-ae2c9c714c72,NA3
App-01,,2015-11-17T19:39:07.046Z,WIN2012R2S64,WIN2012R2S/64,2,4,NULL,NULL,NULL,NULL,NULL,NULL,808a8fba-ac45-4765-933f-4e7df24868b4,d6588893-bc92-4cf4-a719-fe258552fa8d,NA5